prd_id,cat_id,prd_key,prd_nm,prd_cost,prd_line,prd_start_dt,prd_end_dt,dwh_create_date
478,AC_BC,BC-M005,Mountain Bottle Cage,4,Mountain,7/1/2013,NULL,46:40.0
479,AC_BC,BC-R205,Road Bottle Cage,3,Road,7/1/2013,NULL,46:40.0
477,AC_BC,WB-H098,Water Bottle - 30 oz.,2,other Sales,7/1/2013,NULL,46:40.0
483,AC_BR,RA-H123,Hitch Rack - 4-Bike,45,other Sales,7/1/2013,NULL,46:40.0
486,AC_BS,ST-1401,All-Purpose Bike Stand,59,Mountain,7/1/2013,NULL,46:40.0
484,AC_CL,CL-9009,Bike Wash - Dissolver,3,other Sales,7/1/2013,NULL,46:40.0
485,AC_FE,FE-6654,Fender Set - Mountain,8,Mountain,7/1/2013,NULL,46:40.0
215,AC_HE,HL-U509,Sport-100 Helmet- Black,12,other Sales,7/1/2011,6/30/2012,46:40.0
216,AC_HE,HL-U509,Sport-100 Helmet- Black,14,other Sales,7/1/2012,6/30/2013,46:40.0
217,AC_HE,HL-U509,Sport-100 Helmet- Black,13,other Sales,7/1/2013,NULL,46:40.0
220,AC_HE,HL-U509-B,Sport-100 Helmet- Blue,12,other Sales,7/1/2011,6/30/2012,46:40.0
221,AC_HE,HL-U509-B,Sport-100 Helmet- Blue,14,other Sales,7/1/2012,6/30/2013,46:40.0
222,AC_HE,HL-U509-B,Sport-100 Helmet- Blue,13,other Sales,7/1/2013,NULL,46:40.0
212,AC_HE,HL-U509-R,Sport-100 Helmet- Red,12,other Sales,7/1/2011,6/30/2012,46:40.0
213,AC_HE,HL-U509-R,Sport-100 Helmet- Red,14,other Sales,7/1/2012,6/30/2013,46:40.0
214,AC_HE,HL-U509-R,Sport-100 Helmet- Red,13,other Sales,7/1/2013,NULL,46:40.0
487,AC_HP,HY-1023-70,Hydration Pack - 70 oz.,21,other Sales,7/1/2013,NULL,46:40.0
451,AC_LI,LT-H902,Headlights - Dual-Beam,14,Road,7/1/2012,NULL,46:40.0
452,AC_LI,LT-H903,Headlights - Weatherproof,19,Road,7/1/2012,NULL,46:40.0
450,AC_LI,LT-T990,Taillights - Battery-Powered,6,Road,7/1/2012,NULL,46:40.0
447,AC_LO,LO-C100,Cable Lock,10,other Sales,7/1/2012,NULL,46:40.0
446,AC_PA,PA-T100,Touring-Panniers- Large,52,Touring,7/1/2012,NULL,46:40.0
448,AC_PU,PU-0452,Minipump,8,other Sales,7/1/2012,NULL,46:40.0
449,AC_PU,PU-M044,Mountain Pump,10,Mountain,7/1/2012,NULL,46:40.0
480,AC_TT,PK-7098,Patch Kit/8 Patches,1,other Sales,7/1/2013,NULL,46:40.0
535,AC_TT,TI-M267,LL Mountain Tire,9,Mountain,7/1/2013,NULL,46:40.0
536,AC_TT,TI-M602,ML Mountain Tire,11,Mountain,7/1/2013,NULL,46:40.0
537,AC_TT,TI-M823,HL Mountain Tire,13,Mountain,7/1/2013,NULL,46:40.0
538,AC_TT,TI-R092,LL Road Tire,8,Road,7/1/2013,NULL,46:40.0
539,AC_TT,TI-R628,ML Road Tire,9,Road,7/1/2013,NULL,46:40.0
540,AC_TT,TI-R982,HL Road Tire,12,Road,7/1/2013,NULL,46:40.0
541,AC_TT,TI-T723,Touring Tire,11,Touring,7/1/2013,NULL,46:40.0
528,AC_TT,TT-M928,Mountain Tire Tube,2,Mountain,7/1/2013,NULL,46:40.0
529,AC_TT,TT-R982,Road Tire Tube,1,Road,7/1/2013,NULL,46:40.0
530,AC_TT,TT-T092,Touring Tire Tube,2,Touring,7/1/2013,NULL,46:40.0
596,BI_MB,BK-M18B-40,Mountain-500 Black- 40,295,Mountain,7/1/2013,NULL,46:40.0
597,BI_MB,BK-M18B-42,Mountain-500 Black- 42,295,Mountain,7/1/2013,NULL,46:40.0
598,BI_MB,BK-M18B-44,Mountain-500 Black- 44,295,Mountain,7/1/2013,NULL,46:40.0
599,BI_MB,BK-M18B-48,Mountain-500 Black- 48,295,Mountain,7/1/2013,NULL,46:40.0
600,BI_MB,BK-M18B-52,Mountain-500 Black- 52,295,Mountain,7/1/2013,NULL,46:40.0
591,BI_MB,BK-M18S-40,Mountain-500 Silver- 40,308,Mountain,7/1/2013,NULL,46:40.0
592,BI_MB,BK-M18S-42,Mountain-500 Silver- 42,308,Mountain,7/1/2013,NULL,46:40.0
593,BI_MB,BK-M18S-44,Mountain-500 Silver- 44,308,Mountain,7/1/2013,NULL,46:40.0
594,BI_MB,BK-M18S-48,Mountain-500 Silver- 48,308,Mountain,7/1/2013,NULL,46:40.0
595,BI_MB,BK-M18S-52,Mountain-500 Silver- 52,308,Mountain,7/1/2013,NULL,46:40.0
587,BI_MB,BK-M38S-38,Mountain-400-W Silver- 38,420,Mountain,7/1/2013,NULL,46:40.0
588,BI_MB,BK-M38S-40,Mountain-400-W Silver- 40,420,Mountain,7/1/2013,NULL,46:40.0
589,BI_MB,BK-M38S-42,Mountain-400-W Silver- 42,420,Mountain,7/1/2013,NULL,46:40.0
590,BI_MB,BK-M38S-46,Mountain-400-W Silver- 46,420,Mountain,7/1/2013,NULL,46:40.0
364,BI_MB,BK-M47B-38,Mountain-300 Black- 38,598,Mountain,7/1/2012,NULL,46:40.0
365,BI_MB,BK-M47B-40,Mountain-300 Black- 40,598,Mountain,7/1/2012,NULL,46:40.0
366,BI_MB,BK-M47B-44,Mountain-300 Black- 44,598,Mountain,7/1/2012,NULL,46:40.0
367,BI_MB,BK-M47B-48,Mountain-300 Black- 48,598,Mountain,7/1/2012,NULL,46:40.0
358,BI_MB,BK-M68B-38,Mountain-200 Black- 38,1106,Mountain,7/1/2012,6/30/2013,46:40.0
359,BI_MB,BK-M68B-38,Mountain-200 Black- 38,1252,Mountain,7/1/2013,NULL,46:40.0
360,BI_MB,BK-M68B-42,Mountain-200 Black- 42,1106,Mountain,7/1/2012,6/30/2013,46:40.0
361,BI_MB,BK-M68B-42,Mountain-200 Black- 42,1252,Mountain,7/1/2013,NULL,46:40.0
362,BI_MB,BK-M68B-46,Mountain-200 Black- 46,1106,Mountain,7/1/2012,6/30/2013,46:40.0
363,BI_MB,BK-M68B-46,Mountain-200 Black- 46,1252,Mountain,7/1/2013,NULL,46:40.0
352,BI_MB,BK-M68S-38,Mountain-200 Silver- 38,1118,Mountain,7/1/2012,6/30/2013,46:40.0
353,BI_MB,BK-M68S-38,Mountain-200 Silver- 38,1266,Mountain,7/1/2013,NULL,46:40.0
354,BI_MB,BK-M68S-42,Mountain-200 Silver- 42,1118,Mountain,7/1/2012,6/30/2013,46:40.0
355,BI_MB,BK-M68S-42,Mountain-200 Silver- 42,1266,Mountain,7/1/2013,NULL,46:40.0
356,BI_MB,BK-M68S-46,Mountain-200 Silver- 46,1118,Mountain,7/1/2012,6/30/2013,46:40.0
357,BI_MB,BK-M68S-46,Mountain-200 Silver- 46,1266,Mountain,7/1/2013,NULL,46:40.0
348,BI_MB,BK-M82B-38,Mountain-100 Black- 38,1898,Mountain,7/1/2011,NULL,46:40.0
349,BI_MB,BK-M82B-42,Mountain-100 Black- 42,1898,Mountain,7/1/2011,NULL,46:40.0
350,BI_MB,BK-M82B-44,Mountain-100 Black- 44,1898,Mountain,7/1/2011,NULL,46:40.0
351,BI_MB,BK-M82B-48,Mountain-100 Black- 48,1898,Mountain,7/1/2011,NULL,46:40.0
344,BI_MB,BK-M82S-38,Mountain-100 Silver- 38,1912,Mountain,7/1/2011,NULL,46:40.0
345,BI_MB,BK-M82S-42,Mountain-100 Silver- 42,1912,Mountain,7/1/2011,NULL,46:40.0
346,BI_MB,BK-M82S-44,Mountain-100 Silver- 44,1912,Mountain,7/1/2011,NULL,46:40.0
347,BI_MB,BK-M82S-48,Mountain-100 Silver- 48,1912,Mountain,7/1/2011,NULL,46:40.0
604,BI_RB,BK-R19B-44,Road-750 Black- 44,344,Road,7/1/2013,NULL,46:40.0
605,BI_RB,BK-R19B-48,Road-750 Black- 48,344,Road,7/1/2013,NULL,46:40.0
606,BI_RB,BK-R19B-52,Road-750 Black- 52,344,Road,7/1/2013,NULL,46:40.0
584,BI_RB,BK-R19B-58,Road-750 Black- 58,344,Road,7/1/2013,NULL,46:40.0
338,BI_RB,BK-R50B-44,Road-650 Black- 44,413,Road,7/1/2011,6/30/2012,46:40.0
339,BI_RB,BK-R50B-44,Road-650 Black- 44,487,Road,7/1/2012,NULL,46:40.0
340,BI_RB,BK-R50B-48,Road-650 Black- 48,413,Road,7/1/2011,6/30/2012,46:40.0
341,BI_RB,BK-R50B-48,Road-650 Black- 48,487,Road,7/1/2012,NULL,46:40.0
342,BI_RB,BK-R50B-52,Road-650 Black- 52,413,Road,7/1/2011,6/30/2012,46:40.0
343,BI_RB,BK-R50B-52,Road-650 Black- 52,487,Road,7/1/2012,NULL,46:40.0
332,BI_RB,BK-R50B-58,Road-650 Black- 58,413,Road,7/1/2011,6/30/2012,46:40.0
333,BI_RB,BK-R50B-58,Road-650 Black- 58,487,Road,7/1/2012,NULL,46:40.0
334,BI_RB,BK-R50B-60,Road-650 Black- 60,413,Road,7/1/2011,6/30/2012,46:40.0
335,BI_RB,BK-R50B-60,Road-650 Black- 60,487,Road,7/1/2012,NULL,46:40.0
336,BI_RB,BK-R50B-62,Road-650 Black- 62,413,Road,7/1/2011,6/30/2012,46:40.0
337,BI_RB,BK-R50B-62,Road-650 Black- 62,487,Road,7/1/2012,NULL,46:40.0
326,BI_RB,BK-R50R-44,Road-650 Red- 44,413,Road,7/1/2011,6/30/2012,46:40.0
327,BI_RB,BK-R50R-44,Road-650 Red- 44,487,Road,7/1/2012,NULL,46:40.0
328,BI_RB,BK-R50R-48,Road-650 Red- 48,413,Road,7/1/2011,6/30/2012,46:40.0
329,BI_RB,BK-R50R-48,Road-650 Red- 48,487,Road,7/1/2012,NULL,46:40.0
330,BI_RB,BK-R50R-52,Road-650 Red- 52,413,Road,7/1/2011,6/30/2012,46:40.0
331,BI_RB,BK-R50R-52,Road-650 Red- 52,487,Road,7/1/2012,NULL,46:40.0
320,BI_RB,BK-R50R-58,Road-650 Red- 58,413,Road,7/1/2011,6/30/2012,46:40.0
321,BI_RB,BK-R50R-58,Road-650 Red- 58,487,Road,7/1/2012,NULL,46:40.0
322,BI_RB,BK-R50R-60,Road-650 Red- 60,413,Road,7/1/2011,6/30/2012,46:40.0
323,BI_RB,BK-R50R-60,Road-650 Red- 60,487,Road,7/1/2012,NULL,46:40.0
324,BI_RB,BK-R50R-62,Road-650 Red- 62,413,Road,7/1/2011,6/30/2012,46:40.0
325,BI_RB,BK-R50R-62,Road-650 Red- 62,487,Road,7/1/2012,NULL,46:40.0
381,BI_RB,BK-R64Y-38,Road-550-W Yellow- 38,606,Road,7/1/2012,6/30/2013,46:40.0
382,BI_RB,BK-R64Y-38,Road-550-W Yellow- 38,713,Road,7/1/2013,NULL,46:40.0
383,BI_RB,BK-R64Y-40,Road-550-W Yellow- 40,606,Road,7/1/2012,6/30/2013,46:40.0
384,BI_RB,BK-R64Y-40,Road-550-W Yellow- 40,713,Road,7/1/2013,NULL,46:40.0
385,BI_RB,BK-R64Y-42,Road-550-W Yellow- 42,606,Road,7/1/2012,6/30/2013,46:40.0
386,BI_RB,BK-R64Y-42,Road-550-W Yellow- 42,713,Road,7/1/2013,NULL,46:40.0
387,BI_RB,BK-R64Y-44,Road-550-W Yellow- 44,606,Road,7/1/2012,6/30/2013,46:40.0
388,BI_RB,BK-R64Y-44,Road-550-W Yellow- 44,713,Road,7/1/2013,NULL,46:40.0
389,BI_RB,BK-R64Y-48,Road-550-W Yellow- 48,606,Road,7/1/2012,6/30/2013,46:40.0
390,BI_RB,BK-R64Y-48,Road-550-W Yellow- 48,713,Road,7/1/2013,NULL,46:40.0
317,BI_RB,BK-R68R-44,Road-450 Red- 44,885,Road,7/1/2011,NULL,46:40.0
318,BI_RB,BK-R68R-48,Road-450 Red- 48,885,Road,7/1/2011,NULL,46:40.0
319,BI_RB,BK-R68R-52,Road-450 Red- 52,885,Road,7/1/2011,NULL,46:40.0
315,BI_RB,BK-R68R-58,Road-450 Red- 58,885,Road,7/1/2011,NULL,46:40.0
316,BI_RB,BK-R68R-60,Road-450 Red- 60,885,Road,7/1/2011,NULL,46:40.0
580,BI_RB,BK-R79Y-40,Road-350-W Yellow- 40,1083,Road,7/1/2013,NULL,46:40.0
581,BI_RB,BK-R79Y-42,Road-350-W Yellow- 42,1083,Road,7/1/2013,NULL,46:40.0
582,BI_RB,BK-R79Y-44,Road-350-W Yellow- 44,1083,Road,7/1/2013,NULL,46:40.0
583,BI_RB,BK-R79Y-48,Road-350-W Yellow- 48,1083,Road,7/1/2013,NULL,46:40.0
373,BI_RB,BK-R89B-44,Road-250 Black- 44,1321,Road,7/1/2012,6/30/2013,46:40.0
374,BI_RB,BK-R89B-44,Road-250 Black- 44,1555,Road,7/1/2013,NULL,46:40.0
375,BI_RB,BK-R89B-48,Road-250 Black- 48,1321,Road,7/1/2012,6/30/2013,46:40.0
376,BI_RB,BK-R89B-48,Road-250 Black- 48,1555,Road,7/1/2013,NULL,46:40.0
377,BI_RB,BK-R89B-52,Road-250 Black- 52,1321,Road,7/1/2012,6/30/2013,46:40.0
378,BI_RB,BK-R89B-52,Road-250 Black- 52,1555,Road,7/1/2013,NULL,46:40.0
379,BI_RB,BK-R89B-58,Road-250 Black- 58,1321,Road,7/1/2012,6/30/2013,46:40.0
380,BI_RB,BK-R89B-58,Road-250 Black- 58,1555,Road,7/1/2013,NULL,46:40.0
368,BI_RB,BK-R89R-44,Road-250 Red- 44,1519,Road,7/1/2012,NULL,46:40.0
369,BI_RB,BK-R89R-48,Road-250 Red- 48,1519,Road,7/1/2012,NULL,46:40.0
370,BI_RB,BK-R89R-52,Road-250 Red- 52,1519,Road,7/1/2012,NULL,46:40.0
371,BI_RB,BK-R89R-58,Road-250 Red- 58,1321,Road,7/1/2012,6/30/2013,46:40.0
372,BI_RB,BK-R89R-58,Road-250 Red- 58,1555,Road,7/1/2013,NULL,46:40.0
311,BI_RB,BK-R93R-44,Road-150 Red- 44,2171,Road,7/1/2011,NULL,46:40.0
312,BI_RB,BK-R93R-48,Road-150 Red- 48,2171,Road,7/1/2011,NULL,46:40.0
313,BI_RB,BK-R93R-52,Road-150 Red- 52,2171,Road,7/1/2011,NULL,46:40.0
314,BI_RB,BK-R93R-56,Road-150 Red- 56,2171,Road,7/1/2011,NULL,46:40.0
310,BI_RB,BK-R93R-62,Road-150 Red- 62,2171,Road,7/1/2011,NULL,46:40.0
585,BI_TB,BK-T18U-44,Touring-3000 Blue- 44,461,Touring,7/1/2013,NULL,46:40.0
586,BI_TB,BK-T18U-50,Touring-3000 Blue- 50,461,Touring,7/1/2013,NULL,46:40.0
565,BI_TB,BK-T18U-54,Touring-3000 Blue- 54,461,Touring,7/1/2013,NULL,46:40.0
566,BI_TB,BK-T18U-58,Touring-3000 Blue- 58,461,Touring,7/1/2013,NULL,46:40.0
567,BI_TB,BK-T18U-62,Touring-3000 Blue- 62,461,Touring,7/1/2013,NULL,46:40.0
568,BI_TB,BK-T18Y-44,Touring-3000 Yellow- 44,461,Touring,7/1/2013,NULL,46:40.0
569,BI_TB,BK-T18Y-50,Touring-3000 Yellow- 50,461,Touring,7/1/2013,NULL,46:40.0
570,BI_TB,BK-T18Y-54,Touring-3000 Yellow- 54,461,Touring,7/1/2013,NULL,46:40.0
571,BI_TB,BK-T18Y-58,Touring-3000 Yellow- 58,461,Touring,7/1/2013,NULL,46:40.0
572,BI_TB,BK-T18Y-62,Touring-3000 Yellow- 62,461,Touring,7/1/2013,NULL,46:40.0
577,BI_TB,BK-T44U-46,Touring-2000 Blue- 46,755,Touring,7/1/2013,NULL,46:40.0
578,BI_TB,BK-T44U-50,Touring-2000 Blue- 50,755,Touring,7/1/2013,NULL,46:40.0
579,BI_TB,BK-T44U-54,Touring-2000 Blue- 54,755,Touring,7/1/2013,NULL,46:40.0
560,BI_TB,BK-T44U-60,Touring-2000 Blue- 60,755,Touring,7/1/2013,NULL,46:40.0
573,BI_TB,BK-T79U-46,Touring-1000 Blue- 46,1482,Touring,7/1/2013,NULL,46:40.0
574,BI_TB,BK-T79U-50,Touring-1000 Blue- 50,1482,Touring,7/1/2013,NULL,46:40.0
575,BI_TB,BK-T79U-54,Touring-1000 Blue- 54,1482,Touring,7/1/2013,NULL,46:40.0
576,BI_TB,BK-T79U-60,Touring-1000 Blue- 60,1482,Touring,7/1/2013,NULL,46:40.0
561,BI_TB,BK-T79Y-46,Touring-1000 Yellow- 46,1482,Touring,7/1/2013,NULL,46:40.0
562,BI_TB,BK-T79Y-50,Touring-1000 Yellow- 50,1482,Touring,7/1/2013,NULL,46:40.0
563,BI_TB,BK-T79Y-54,Touring-1000 Yellow- 54,1482,Touring,7/1/2013,NULL,46:40.0
564,BI_TB,BK-T79Y-60,Touring-1000 Yellow- 60,1482,Touring,7/1/2013,NULL,46:40.0
461,CL_BS,SB-M891-L,Men's Bib-Shorts- L,37,other Sales,7/1/2012,NULL,46:40.0
460,CL_BS,SB-M891-M,Men's Bib-Shorts- M,37,other Sales,7/1/2012,NULL,46:40.0
459,CL_BS,SB-M891-S,Men's Bib-Shorts- S,37,other Sales,7/1/2012,NULL,46:40.0
223,CL_CA,CA-1098,AWC Logo Cap,6,other Sales,7/1/2011,6/30/2012,46:40.0
224,CL_CA,CA-1098,AWC Logo Cap,5,other Sales,7/1/2012,6/30/2013,46:40.0
225,CL_CA,CA-1098,AWC Logo Cap,7,other Sales,7/1/2013,NULL,46:40.0
470,CL_GL,GL-F110-L,Full-Finger Gloves- L,16,Mountain,7/1/2012,NULL,46:40.0
469,CL_GL,GL-F110-M,Full-Finger Gloves- M,16,Mountain,7/1/2012,NULL,46:40.0
468,CL_GL,GL-F110-S,Full-Finger Gloves- S,16,Mountain,7/1/2012,NULL,46:40.0
466,CL_GL,GL-H102-L,Half-Finger Gloves- L,10,other Sales,7/1/2012,6/30/2013,46:40.0
467,CL_GL,GL-H102-L,Half-Finger Gloves- L,9,other Sales,7/1/2013,NULL,46:40.0
464,CL_GL,GL-H102-M,Half-Finger Gloves- M,10,other Sales,7/1/2012,6/30/2013,46:40.0
465,CL_GL,GL-H102-M,Half-Finger Gloves- M,9,other Sales,7/1/2013,NULL,46:40.0
462,CL_GL,GL-H102-S,Half-Finger Gloves- S,10,other Sales,7/1/2012,6/30/2013,46:40.0
463,CL_GL,GL-H102-S,Half-Finger Gloves- S,9,other Sales,7/1/2013,NULL,46:40.0
232,CL_JE,LJ-0192-L,Long-Sleeve Logo Jersey- L,32,other Sales,7/1/2011,6/30/2012,46:40.0
233,CL_JE,LJ-0192-L,Long-Sleeve Logo Jersey- L,29,other Sales,7/1/2012,6/30/2013,46:40.0
234,CL_JE,LJ-0192-L,Long-Sleeve Logo Jersey- L,38,other Sales,7/1/2013,NULL,46:40.0
229,CL_JE,LJ-0192-M,Long-Sleeve Logo Jersey- M,32,other Sales,7/1/2011,6/30/2012,46:40.0
230,CL_JE,LJ-0192-M,Long-Sleeve Logo Jersey- M,29,other Sales,7/1/2012,6/30/2013,46:40.0
231,CL_JE,LJ-0192-M,Long-Sleeve Logo Jersey- M,38,other Sales,7/1/2013,NULL,46:40.0
226,CL_JE,LJ-0192-S,Long-Sleeve Logo Jersey- S,32,other Sales,7/1/2011,6/30/2012,46:40.0
227,CL_JE,LJ-0192-S,Long-Sleeve Logo Jersey- S,29,other Sales,7/1/2012,6/30/2013,46:40.0
228,CL_JE,LJ-0192-S,Long-Sleeve Logo Jersey- S,38,other Sales,7/1/2013,NULL,46:40.0
235,CL_JE,LJ-0192-X,Long-Sleeve Logo Jersey- XL,32,other Sales,7/1/2011,6/30/2012,46:40.0
236,CL_JE,LJ-0192-X,Long-Sleeve Logo Jersey- XL,29,other Sales,7/1/2012,6/30/2013,46:40.0
237,CL_JE,LJ-0192-X,Long-Sleeve Logo Jersey- XL,38,other Sales,7/1/2013,NULL,46:40.0
490,CL_JE,SJ-0194-L,Short-Sleeve Classic Jersey- L,42,other Sales,7/1/2013,NULL,46:40.0
489,CL_JE,SJ-0194-M,Short-Sleeve Classic Jersey- M,42,other Sales,7/1/2013,NULL,46:40.0
488,CL_JE,SJ-0194-S,Short-Sleeve Classic Jersey- S,42,other Sales,7/1/2013,NULL,46:40.0
491,CL_JE,SJ-0194-X,Short-Sleeve Classic Jersey- XL,42,other Sales,7/1/2013,NULL,46:40.0
454,CL_SH,SH-M897-L,Men's Sports Shorts- L,25,other Sales,7/1/2012,NULL,46:40.0
453,CL_SH,SH-M897-M,Men's Sports Shorts- M,25,other Sales,7/1/2012,NULL,46:40.0
445,CL_SH,SH-M897-S,Men's Sports Shorts- S,25,other Sales,7/1/2012,NULL,46:40.0
455,CL_SH,SH-M897-X,Men's Sports Shorts- XL,25,other Sales,7/1/2012,NULL,46:40.0
476,CL_SH,SH-W890-L,Women's Mountain Shorts- L,26,Mountain,7/1/2013,NULL,46:40.0
475,CL_SH,SH-W890-M,Women's Mountain Shorts- M,26,Mountain,7/1/2013,NULL,46:40.0
474,CL_SH,SH-W890-S,Women's Mountain Shorts- S,26,Mountain,7/1/2013,NULL,46:40.0
219,CL_SO,SO-B909-L,Mountain Bike Socks- L,3,Mountain,7/1/2011,NULL,46:40.0
218,CL_SO,SO-B909-M,Mountain Bike Socks- M,3,Mountain,7/1/2011,NULL,46:40.0
482,CL_SO,SO-R809-L,Racing Socks- L,3,Road,7/1/2013,NULL,46:40.0
481,CL_SO,SO-R809-M,Racing Socks- M,3,Road,7/1/2013,NULL,46:40.0
458,CL_TI,TG-W091-L,Women's Tights- L,31,other Sales,7/1/2012,NULL,46:40.0
457,CL_TI,TG-W091-M,Women's Tights- M,31,other Sales,7/1/2012,NULL,46:40.0
456,CL_TI,TG-W091-S,Women's Tights- S,31,other Sales,7/1/2012,NULL,46:40.0
473,CL_VE,VE-C304-L,Classic Vest- L,24,other Sales,7/1/2013,NULL,46:40.0
472,CL_VE,VE-C304-M,Classic Vest- M,24,other Sales,7/1/2013,NULL,46:40.0
471,CL_VE,VE-C304-S,Classic Vest- S,24,other Sales,7/1/2013,NULL,46:40.0
601,CO_BB,BB-7421,LL Bottom Bracket,24,n/a,7/1/2013,NULL,46:40.0
602,CO_BB,BB-8107,ML Bottom Bracket,45,n/a,7/1/2013,NULL,46:40.0
603,CO_BB,BB-9108,HL Bottom Bracket,54,n/a,7/1/2013,NULL,46:40.0
555,CO_BR,FB-9873,Front Brakes,47,n/a,7/1/2013,NULL,46:40.0
514,CO_BR,RB-9231,Rear Brakes,47,n/a,7/1/2013,NULL,46:40.0
559,CO_CH,CH-0234,Chain,9,n/a,7/1/2013,NULL,46:40.0
556,CO_CS,CS-4759,LL Crankset,78,n/a,7/1/2013,NULL,46:40.0
557,CO_CS,CS-6583,ML Crankset,114,n/a,7/1/2013,NULL,46:40.0
558,CO_CS,CS-9183,HL Crankset,180,n/a,7/1/2013,NULL,46:40.0
552,CO_DE,FD-2342,Front Derailleur,41,n/a,7/1/2013,NULL,46:40.0
501,CO_DE,RD-2308,Rear Derailleur,54,n/a,7/1/2013,NULL,46:40.0
391,CO_FO,FK-1639,LL Fork,66,n/a,7/1/2012,NULL,46:40.0
392,CO_FO,FK-5136,ML Fork,78,n/a,7/1/2012,NULL,46:40.0
393,CO_FO,FK-9939,HL Fork,102,n/a,7/1/2012,NULL,46:40.0
397,CO_HB,HB-M243,LL Mountain Handlebars,18,Mountain,7/1/2012,6/30/2013,46:40.0
398,CO_HB,HB-M243,LL Mountain Handlebars,20,Mountain,7/1/2013,NULL,46:40.0
399,CO_HB,HB-M763,ML Mountain Handlebars,25,Mountain,7/1/2012,6/30/2013,46:40.0
400,CO_HB,HB-M763,ML Mountain Handlebars,27,Mountain,7/1/2013,NULL,46:40.0
401,CO_HB,HB-M918,HL Mountain Handlebars,49,Mountain,7/1/2012,6/30/2013,46:40.0
402,CO_HB,HB-M918,HL Mountain Handlebars,53,Mountain,7/1/2013,NULL,46:40.0
403,CO_HB,HB-R504,LL Road Handlebars,18,Road,7/1/2012,6/30/2013,46:40.0
404,CO_HB,HB-R504,LL Road Handlebars,20,Road,7/1/2013,NULL,46:40.0
405,CO_HB,HB-R720,ML Road Handlebars,25,Road,7/1/2012,6/30/2013,46:40.0
406,CO_HB,HB-R720,ML Road Handlebars,27,Road,7/1/2013,NULL,46:40.0
407,CO_HB,HB-R956,HL Road Handlebars,49,Road,7/1/2012,6/30/2013,46:40.0
408,CO_HB,HB-R956,HL Road Handlebars,53,Road,7/1/2013,NULL,46:40.0
553,CO_HB,HB-T721,LL Touring Handlebars,20,Touring,7/1/2013,NULL,46:40.0
554,CO_HB,HB-T928,HL Touring Handlebars,41,Touring,7/1/2013,NULL,46:40.0
394,CO_HS,HS-0296,LL Headset,15,n/a,7/1/2012,NULL,46:40.0
395,CO_HS,HS-2451,ML Headset,45,n/a,7/1/2012,NULL,46:40.0
396,CO_HS,HS-3479,HL Headset,55,n/a,7/1/2012,NULL,46:40.0
550,CO_MF,FR-M21B-40,LL Mountain Frame - Black- 40,137,Mountain,7/1/2013,NULL,46:40.0
531,CO_MF,FR-M21B-42,LL Mountain Frame - Black- 42,137,Mountain,7/1/2013,NULL,46:40.0
532,CO_MF,FR-M21B-44,LL Mountain Frame - Black- 44,137,Mountain,7/1/2013,NULL,46:40.0
533,CO_MF,FR-M21B-48,LL Mountain Frame - Black- 48,137,Mountain,7/1/2013,NULL,46:40.0
534,CO_MF,FR-M21B-52,LL Mountain Frame - Black- 52,137,Mountain,7/1/2013,NULL,46:40.0
551,CO_MF,FR-M21S-40,LL Mountain Frame - Silver- 40,145,Mountain,7/1/2013,NULL,46:40.0
524,CO_MF,FR-M21S-42,LL Mountain Frame - Silver- 42,145,Mountain,7/1/2013,NULL,46:40.0
525,CO_MF,FR-M21S-44,LL Mountain Frame - Silver- 44,145,Mountain,7/1/2013,NULL,46:40.0
526,CO_MF,FR-M21S-48,LL Mountain Frame - Silver- 48,145,Mountain,7/1/2013,NULL,46:40.0
527,CO_MF,FR-M21S-52,LL Mountain Frame - Silver- 52,145,Mountain,7/1/2013,NULL,46:40.0
409,CO_MF,FR-M63B-38,ML Mountain Frame - Black- 38,186,Mountain,7/1/2012,NULL,46:40.0
426,CO_MF,FR-M63B-40,ML Mountain Frame - Black- 40,186,Mountain,7/1/2012,NULL,46:40.0
427,CO_MF,FR-M63B-44,ML Mountain Frame - Black- 44,186,Mountain,7/1/2012,NULL,46:40.0
428,CO_MF,FR-M63B-48,ML Mountain Frame - Black- 48,186,Mountain,7/1/2012,NULL,46:40.0
549,CO_MF,FR-M63S-38,ML Mountain Frame-W - Silver- 38,199,Mountain,7/1/2013,NULL,46:40.0
511,CO_MF,FR-M63S-40,ML Mountain Frame-W - Silver- 40,199,Mountain,7/1/2013,NULL,46:40.0
512,CO_MF,FR-M63S-42,ML Mountain Frame-W - Silver- 42,199,Mountain,7/1/2013,NULL,46:40.0
513,CO_MF,FR-M63S-46,ML Mountain Frame-W - Silver- 46,199,Mountain,7/1/2013,NULL,46:40.0
304,CO_MF,FR-M94B-38,HL Mountain Frame - Black- 38,617,Mountain,7/1/2011,6/30/2012,46:40.0
305,CO_MF,FR-M94B-38,HL Mountain Frame - Black- 38,654,Mountain,7/1/2012,6/30/2013,46:40.0
306,CO_MF,FR-M94B-38,HL Mountain Frame - Black- 38,739,Mountain,7/1/2013,NULL,46:40.0
296,CO_MF,FR-M94B-42,HL Mountain Frame - Black- 42,617,Mountain,7/1/2011,6/30/2012,46:40.0
297,CO_MF,FR-M94B-42,HL Mountain Frame - Black- 42,654,Mountain,7/1/2012,6/30/2013,46:40.0
298,CO_MF,FR-M94B-42,HL Mountain Frame - Black- 42,739,Mountain,7/1/2013,NULL,46:40.0
299,CO_MF,FR-M94B-44,HL Mountain Frame - Black- 44,699,Mountain,7/1/2011,NULL,46:40.0
301,CO_MF,FR-M94B-46,HL Mountain Frame - Black- 46,617,Mountain,7/1/2011,6/30/2012,46:40.0
302,CO_MF,FR-M94B-46,HL Mountain Frame - Black- 46,654,Mountain,7/1/2012,6/30/2013,46:40.0
303,CO_MF,FR-M94B-46,HL Mountain Frame - Black- 46,739,Mountain,7/1/2013,NULL,46:40.0
300,CO_MF,FR-M94B-48,HL Mountain Frame - Black- 48,699,Mountain,7/1/2011,NULL,46:40.0
307,CO_MF,FR-M94S-38,HL Mountain Frame - Silver- 38,624,Mountain,7/1/2011,6/30/2012,46:40.0
308,CO_MF,FR-M94S-38,HL Mountain Frame - Silver- 38,661,Mountain,7/1/2012,6/30/2013,46:40.0
309,CO_MF,FR-M94S-38,HL Mountain Frame - Silver- 38,747,Mountain,7/1/2013,NULL,46:40.0
288,CO_MF,FR-M94S-42,HL Mountain Frame - Silver- 42,624,Mountain,7/1/2011,6/30/2012,46:40.0
289,CO_MF,FR-M94S-42,HL Mountain Frame - Silver- 42,661,Mountain,7/1/2012,6/30/2013,46:40.0
290,CO_MF,FR-M94S-42,HL Mountain Frame - Silver- 42,747,Mountain,7/1/2013,NULL,46:40.0
291,CO_MF,FR-M94S-44,HL Mountain Frame - Silver- 44,707,Mountain,7/1/2011,NULL,46:40.0
293,CO_MF,FR-M94S-46,HL Mountain Frame - Silver- 46,624,Mountain,7/1/2011,6/30/2012,46:40.0
294,CO_MF,FR-M94S-46,HL Mountain Frame - Silver- 46,661,Mountain,7/1/2012,6/30/2013,46:40.0
295,CO_MF,FR-M94S-46,HL Mountain Frame - Silver- 46,747,Mountain,7/1/2013,NULL,46:40.0
292,CO_MF,FR-M94S-52,HL Mountain Frame - Silver- 48,707,Mountain,7/1/2011,NULL,46:40.0
542,CO_PE,PD-M282,LL Mountain Pedal,18,Mountain,7/1/2013,NULL,46:40.0
543,CO_PE,PD-M340,ML Mountain Pedal,28,Mountain,7/1/2013,NULL,46:40.0
544,CO_PE,PD-M562,HL Mountain Pedal,36,Mountain,7/1/2013,NULL,46:40.0
545,CO_PE,PD-R347,LL Road Pedal,18,Road,7/1/2013,NULL,46:40.0
546,CO_PE,PD-R563,ML Road Pedal,28,Road,7/1/2013,NULL,46:40.0
547,CO_PE,PD-R853,HL Road Pedal,36,Road,7/1/2013,NULL,46:40.0
548,CO_PE,PD-T852,Touring Pedal,36,Touring,7/1/2013,NULL,46:40.0
279,CO_RF,FR-R38B-44,LL Road Frame - Black- 44,176,Road,7/1/2011,6/30/2012,46:40.0
280,CO_RF,FR-R38B-44,LL Road Frame - Black- 44,170,Road,7/1/2012,6/30/2013,46:40.0
281,CO_RF,FR-R38B-44,LL Road Frame - Black- 44,205,Road,7/1/2013,NULL,46:40.0
282,CO_RF,FR-R38B-48,LL Road Frame - Black- 48,176,Road,7/1/2011,6/30/2012,46:40.0
283,CO_RF,FR-R38B-48,LL Road Frame - Black- 48,170,Road,7/1/2012,6/30/2013,46:40.0
284,CO_RF,FR-R38B-48,LL Road Frame - Black- 48,205,Road,7/1/2013,NULL,46:40.0
285,CO_RF,FR-R38B-52,LL Road Frame - Black- 52,176,Road,7/1/2011,6/30/2012,46:40.0
286,CO_RF,FR-R38B-52,LL Road Frame - Black- 52,170,Road,7/1/2012,6/30/2013,46:40.0
287,CO_RF,FR-R38B-52,LL Road Frame - Black- 52,205,Road,7/1/2013,NULL,46:40.0
253,CO_RF,FR-R38B-58,LL Road Frame - Black- 58,176,Road,7/1/2011,6/30/2012,46:40.0
254,CO_RF,FR-R38B-58,LL Road Frame - Black- 58,170,Road,7/1/2012,6/30/2013,46:40.0
255,CO_RF,FR-R38B-58,LL Road Frame - Black- 58,205,Road,7/1/2013,NULL,46:40.0
256,CO_RF,FR-R38B-60,LL Road Frame - Black- 60,176,Road,7/1/2011,6/30/2012,46:40.0
257,CO_RF,FR-R38B-60,LL Road Frame - Black- 60,170,Road,7/1/2012,6/30/2013,46:40.0
258,CO_RF,FR-R38B-60,LL Road Frame - Black- 60,205,Road,7/1/2013,NULL,46:40.0
259,CO_RF,FR-R38B-62,LL Road Frame - Black- 62,176,Road,7/1/2011,6/30/2012,46:40.0
260,CO_RF,FR-R38B-62,LL Road Frame - Black- 62,170,Road,7/1/2012,6/30/2013,46:40.0
261,CO_RF,FR-R38B-62,LL Road Frame - Black- 62,205,Road,7/1/2013,NULL,46:40.0
262,CO_RF,FR-R38R-44,LL Road Frame - Red- 44,181,Road,7/1/2011,6/30/2012,46:40.0
263,CO_RF,FR-R38R-44,LL Road Frame - Red- 44,187,Road,7/1/2012,NULL,46:40.0
264,CO_RF,FR-R38R-48,LL Road Frame - Red- 48,181,Road,7/1/2011,6/30/2012,46:40.0
265,CO_RF,FR-R38R-48,LL Road Frame - Red- 48,187,Road,7/1/2012,NULL,46:40.0
266,CO_RF,FR-R38R-52,LL Road Frame - Red- 52,181,Road,7/1/2011,6/30/2012,46:40.0
267,CO_RF,FR-R38R-52,LL Road Frame - Red- 52,187,Road,7/1/2012,NULL,46:40.0
268,CO_RF,FR-R38R-58,LL Road Frame - Red- 58,181,Road,7/1/2011,6/30/2012,46:40.0
269,CO_RF,FR-R38R-58,LL Road Frame - Red- 58,187,Road,7/1/2012,NULL,46:40.0
270,CO_RF,FR-R38R-60,LL Road Frame - Red- 60,181,Road,7/1/2011,6/30/2012,46:40.0
271,CO_RF,FR-R38R-60,LL Road Frame - Red- 60,187,Road,7/1/2012,NULL,46:40.0
272,CO_RF,FR-R38R-62,LL Road Frame - Red- 62,181,Road,7/1/2011,6/30/2012,46:40.0
273,CO_RF,FR-R38R-62,LL Road Frame - Red- 62,187,Road,7/1/2012,NULL,46:40.0
274,CO_RF,FR-R72R-44,ML Road Frame - Red- 44,352,Road,7/1/2011,NULL,46:40.0
275,CO_RF,FR-R72R-48,ML Road Frame - Red- 48,352,Road,7/1/2011,NULL,46:40.0
276,CO_RF,FR-R72R-52,ML Road Frame - Red- 52,352,Road,7/1/2011,NULL,46:40.0
277,CO_RF,FR-R72R-58,ML Road Frame - Red- 58,352,Road,7/1/2011,NULL,46:40.0
278,CO_RF,FR-R72R-60,ML Road Frame - Red- 60,352,Road,7/1/2011,NULL,46:40.0
417,CO_RF,FR-R72Y-38,ML Road Frame-W - Yellow- 38,300,Road,7/1/2012,6/30/2013,46:40.0
418,CO_RF,FR-R72Y-38,ML Road Frame-W - Yellow- 38,361,Road,7/1/2013,NULL,46:40.0
429,CO_RF,FR-R72Y-40,ML Road Frame-W - Yellow- 40,300,Road,7/1/2012,6/30/2013,46:40.0
430,CO_RF,FR-R72Y-40,ML Road Frame-W - Yellow- 40,361,Road,7/1/2013,NULL,46:40.0
431,CO_RF,FR-R72Y-42,ML Road Frame-W - Yellow- 42,300,Road,7/1/2012,6/30/2013,46:40.0
432,CO_RF,FR-R72Y-42,ML Road Frame-W - Yellow- 42,361,Road,7/1/2013,NULL,46:40.0
433,CO_RF,FR-R72Y-44,ML Road Frame-W - Yellow- 44,300,Road,7/1/2012,6/30/2013,46:40.0
434,CO_RF,FR-R72Y-44,ML Road Frame-W - Yellow- 44,361,Road,7/1/2013,NULL,46:40.0
435,CO_RF,FR-R72Y-48,ML Road Frame-W - Yellow- 48,300,Road,7/1/2012,6/30/2013,46:40.0
436,CO_RF,FR-R72Y-48,ML Road Frame-W - Yellow- 48,361,Road,7/1/2013,NULL,46:40.0
439,CO_RF,FR-R92B-44,HL Road Frame - Black- 44,722,Road,7/1/2012,6/30/2013,46:40.0
440,CO_RF,FR-R92B-44,HL Road Frame - Black- 44,869,Road,7/1/2013,NULL,46:40.0
441,CO_RF,FR-R92B-48,HL Road Frame - Black- 48,722,Road,7/1/2012,6/30/2013,46:40.0
442,CO_RF,FR-R92B-48,HL Road Frame - Black- 48,869,Road,7/1/2013,NULL,46:40.0
443,CO_RF,FR-R92B-52,HL Road Frame - Black- 52,722,Road,7/1/2012,6/30/2013,46:40.0
444,CO_RF,FR-R92B-52,HL Road Frame - Black- 52,869,Road,7/1/2013,NULL,46:40.0
210,CO_RF,FR-R92B-58,HL Road Frame - Black- 58,0,Road,7/1/2003,NULL,46:40.0
437,CO_RF,FR-R92B-62,HL Road Frame - Black- 62,722,Road,7/1/2012,6/30/2013,46:40.0
438,CO_RF,FR-R92B-62,HL Road Frame - Black- 62,869,Road,7/1/2013,NULL,46:40.0
241,CO_RF,FR-R92R-44,HL Road Frame - Red- 44,748,Road,7/1/2011,6/30/2012,46:40.0
242,CO_RF,FR-R92R-44,HL Road Frame - Red- 44,722,Road,7/1/2012,6/30/2013,46:40.0
243,CO_RF,FR-R92R-44,HL Road Frame - Red- 44,869,Road,7/1/2013,NULL,46:40.0
244,CO_RF,FR-R92R-48,HL Road Frame - Red- 48,748,Road,7/1/2011,6/30/2012,46:40.0
245,CO_RF,FR-R92R-48,HL Road Frame - Red- 48,722,Road,7/1/2012,6/30/2013,46:40.0
246,CO_RF,FR-R92R-48,HL Road Frame - Red- 48,869,Road,7/1/2013,NULL,46:40.0
247,CO_RF,FR-R92R-52,HL Road Frame - Red- 52,748,Road,7/1/2011,6/30/2012,46:40.0
248,CO_RF,FR-R92R-52,HL Road Frame - Red- 52,722,Road,7/1/2012,6/30/2013,46:40.0
249,CO_RF,FR-R92R-52,HL Road Frame - Red- 52,869,Road,7/1/2013,NULL,46:40.0
250,CO_RF,FR-R92R-56,HL Road Frame - Red- 56,748,Road,7/1/2011,6/30/2012,46:40.0
251,CO_RF,FR-R92R-56,HL Road Frame - Red- 56,722,Road,7/1/2012,6/30/2013,46:40.0
252,CO_RF,FR-R92R-56,HL Road Frame - Red- 56,869,Road,7/1/2013,NULL,46:40.0
211,CO_RF,FR-R92R-58,HL Road Frame - Red- 58,0,Road,7/1/2003,NULL,46:40.0
238,CO_RF,FR-R92R-62,HL Road Frame - Red- 62,748,Road,7/1/2011,6/30/2012,46:40.0
239,CO_RF,FR-R92R-62,HL Road Frame - Red- 62,722,Road,7/1/2012,6/30/2013,46:40.0
240,CO_RF,FR-R92R-62,HL Road Frame - Red- 62,869,Road,7/1/2013,NULL,46:40.0
515,CO_SA,SE-M236,LL Mountain Seat/Saddle,12,Mountain,7/1/2013,NULL,46:40.0
516,CO_SA,SE-M798,ML Mountain Seat/Saddle,17,Mountain,7/1/2013,NULL,46:40.0
517,CO_SA,SE-M940,HL Mountain Seat/Saddle,23,Mountain,7/1/2013,NULL,46:40.0
518,CO_SA,SE-R581,LL Road Seat/Saddle,12,Road,7/1/2013,NULL,46:40.0
519,CO_SA,SE-R908,ML Road Seat/Saddle,17,Touring,7/1/2013,NULL,46:40.0
520,CO_SA,SE-R995,HL Road Seat/Saddle,23,Road,7/1/2013,NULL,46:40.0
521,CO_SA,SE-T312,LL Touring Seat/Saddle,12,Touring,7/1/2013,NULL,46:40.0
522,CO_SA,SE-T762,ML Touring Seat/Saddle,17,Touring,7/1/2013,NULL,46:40.0
523,CO_SA,SE-T924,HL Touring Seat/Saddle,23,Touring,7/1/2013,NULL,46:40.0
510,CO_TF,FR-T67U-44,LL Touring Frame - Blue- 44,200,Touring,7/1/2013,NULL,46:40.0
502,CO_TF,FR-T67U-50,LL Touring Frame - Blue- 50,200,Touring,7/1/2013,NULL,46:40.0
503,CO_TF,FR-T67U-54,LL Touring Frame - Blue- 54,200,Touring,7/1/2013,NULL,46:40.0
504,CO_TF,FR-T67U-58,LL Touring Frame - Blue- 58,200,Touring,7/1/2013,NULL,46:40.0
505,CO_TF,FR-T67U-62,LL Touring Frame - Blue- 62,200,Touring,7/1/2013,NULL,46:40.0
506,CO_TF,FR-T67Y-44,LL Touring Frame - Yellow- 44,200,Touring,7/1/2013,NULL,46:40.0
507,CO_TF,FR-T67Y-50,LL Touring Frame - Yellow- 50,200,Touring,7/1/2013,NULL,46:40.0
508,CO_TF,FR-T67Y-54,LL Touring Frame - Yellow- 54,200,Touring,7/1/2013,NULL,46:40.0
509,CO_TF,FR-T67Y-58,LL Touring Frame - Yellow- 58,200,Touring,7/1/2013,NULL,46:40.0
493,CO_TF,FR-T67Y-62,LL Touring Frame - Yellow- 62,200,Touring,7/1/2013,NULL,46:40.0
497,CO_TF,FR-T98U-46,HL Touring Frame - Blue- 46,602,Touring,7/1/2013,NULL,46:40.0
498,CO_TF,FR-T98U-50,HL Touring Frame - Blue- 50,602,Touring,7/1/2013,NULL,46:40.0
499,CO_TF,FR-T98U-54,HL Touring Frame - Blue- 54,602,Touring,7/1/2013,NULL,46:40.0
500,CO_TF,FR-T98U-60,HL Touring Frame - Blue- 60,602,Touring,7/1/2013,NULL,46:40.0
494,CO_TF,FR-T98Y-46,HL Touring Frame - Yellow- 46,602,Touring,7/1/2013,NULL,46:40.0
495,CO_TF,FR-T98Y-50,HL Touring Frame - Yellow- 50,602,Touring,7/1/2013,NULL,46:40.0
496,CO_TF,FR-T98Y-54,HL Touring Frame - Yellow- 54,602,Touring,7/1/2013,NULL,46:40.0
492,CO_TF,FR-T98Y-60,HL Touring Frame - Yellow- 60,602,Touring,7/1/2013,NULL,46:40.0
410,CO_WH,FW-M423,LL Mountain Front Wheel,27,Mountain,7/1/2012,NULL,46:40.0
411,CO_WH,FW-M762,ML Mountain Front Wheel,93,Mountain,7/1/2012,NULL,46:40.0
412,CO_WH,FW-M928,HL Mountain Front Wheel,133,Mountain,7/1/2012,NULL,46:40.0
413,CO_WH,FW-R623,LL Road Front Wheel,38,Road,7/1/2012,NULL,46:40.0
414,CO_WH,FW-R762,ML Road Front Wheel,110,Road,7/1/2012,NULL,46:40.0
415,CO_WH,FW-R820,HL Road Front Wheel,147,Road,7/1/2012,NULL,46:40.0
416,CO_WH,FW-T905,Touring Front Wheel,97,Touring,7/1/2012,NULL,46:40.0
419,CO_WH,RW-M423,LL Mountain Rear Wheel,39,Mountain,7/1/2012,NULL,46:40.0
420,CO_WH,RW-M762,ML Mountain Rear Wheel,105,Mountain,7/1/2012,NULL,46:40.0
421,CO_WH,RW-M928,HL Mountain Rear Wheel,145,Mountain,7/1/2012,NULL,46:40.0
422,CO_WH,RW-R623,LL Road Rear Wheel,50,Road,7/1/2012,NULL,46:40.0
423,CO_WH,RW-R762,ML Road Rear Wheel,122,Road,7/1/2012,NULL,46:40.0
424,CO_WH,RW-R820,HL Road Rear Wheel,159,Road,7/1/2012,NULL,46:40.0
425,CO_WH,RW-T905,Touring Rear Wheel,109,Touring,7/1/2012,NULL,46:40.0
